{"iphone 14": [[1772884800, 390.0], [1772906400, 426.6666666666667], [1772928000, 425.8333333333333], [1772949600, 428.8333333333333], [1772971200, 388.8333333333333], [1772992800, 419.3333333333333], [1773014400, 436.3333333333333], [1773036000, 453.0], [1773057600, 426.6666666666667], [1773079200, 383.3333333333333], [1773100800, 390.0], [1773122400, 389.6666666666667], [1773144000, 409.6666666666667], [1773165600, 369.6666666666667], [1773187200, 386.6666666666667], [1773208800, 393.1666666666667], [1773230400, 416.5], [1773252000, 349.8333333333333], [1773273600, 359.6666666666667], [1773295200, 333.0], [1773468000, 393.0], [1773489600, 430.0]], "iphone 12 pro": [[1772884800, 250.0], [1772906400, 274.6666666666667], [1772949600, 274.6666666666667], [1772971200, 256.5], [1772992800, 295.0], [1773036000, 301.3333333333333], [1773057600, 303.0], [1773079200, 303.0], [1773122400, 290.0], [1773144000, 305.0], [1773165600, 305.0], [1773208800, 325.0], [1773230400, 318.1666666666667], [1773252000, 276.5], [1773295200, 269.5], [1773489600, 269.0]], "iphone 13": [[1772884800, 310.0], [1772906400, 303.0], [1772928000, 299.6666666666667], [1772949600, 296.6666666666667], [1772971200, 296.6666666666667], [1772992800, 325.0], [1773014400, 356.3333333333333], [1773036000, 364.6666666666667], [1773057600, 336.3333333333333], [1773079200, 334.6666666666667], [1773122400, 326.3333333333333], [1773144000, 333.0], [1773165600, 326.3333333333333], [1773187200, 343.0], [1773208800, 339.6666666666667], [1773230400, 320.0], [1773252000, 303.3333333333333], [1773273600, 299.8333333333333], [1773295200, 304.0], [1773468000, 304.0], [1773489600, 300.0]], "iphone 12": [[1772884800, 250.0], [1772906400, 263.3333333333333], [1772949600, 263.3333333333333], [1772971200, 243.33333333333334], [1772992800, 243.33333333333334], [1773014400, 276.6666666666667], [1773036000, 289.8333333333333], [1773057600, 291.5], [1773079200, 291.5], [1773122400, 281.6666666666667], [1773144000, 273.3333333333333], [1773165600, 254.83333333333334], [1773208800, 271.1666666666667], [1773230400, 267.8333333333333], [1773252000, 264.6666666666667], [1773273600, 261.6666666666667], [1773295200, 268.3333333333333], [1773489600, 250.0]], "iphone 13 pro": [[1772884800, 385.0], [1772906400, 358.1666666666667], [1772949600, 349.8333333333333], [1772971200, 345.6666666666667], [1772992800, 365.8333333333333], [1773014400, 395.8333333333333], [1773036000, 400.0], [1773057600, 386.6666666666667], [1773079200, 386.6666666666667], [1773122400, 385.8333333333333], [1773144000, 382.5], [1773165600, 362.5], [1773187200, 380.0], [1773208800, 380.0], [1773230400, 365.0], [1773252000, 351.5], [1773295200, 351.5], [1773489600, 350.0]], "iphone 14 pro": [[1772884800, 480.0], [1772906400, 485.0], [1772928000, 479.8333333333333], [1772949600, 497.8333333333333], [1772971200, 459.5], [1772992800, 472.8333333333333], [1773014400, 486.1666666666667], [1773036000, 504.5], [1773057600, 484.6666666666667], [1773079200, 415.0], [1773100800, 441.6666666666667], [1773122400, 443.0], [1773144000, 483.0], [1773165600, 446.0], [1773187200, 477.6666666666667], [1773208800, 477.3333333333333], [1773230400, 477.3333333333333], [1773252000, 442.6666666666667], [1773295200, 453.0], [1773489600, 480.0]]}